file_name,data_file_field_names,cudr_field_names
system_test_1.csv,namegrp,title
system_test_1.csv,desc1,notes
system_test_1.csv,codegrp,unique_identifier
system_test_1.csv,idengrp,temporal_resolution
system_test_1.csv,desc2,tags
system_test_1.csv,desc3,geo_span
system_test_1.csv,qaqc5,quality_annotation
system_test_1.csv,dsrc3,published_date
system_test_1.csv,dsrc4,time_span_start
system_test_1.csv,dsrc5,time_span_end
system_test_1.csv,dsrc6,temporal_resolution
system_test_1.csv,usec2,limits_on_use
system_test_1.csv,supc1,author_email
system_test_1.csv,supc2,author
system_test_1.csv,supc2,owner
system_test_1.csv,supc3,location
system_test_1.csv,main2,file_format
system_test_1.csv_comm,publish,access_category
system_test_2.csv,linkdoc,url
system_test_1.csv,desc1,description
system_test_2.csv,namedoc,name
system_test_1.csv,main2,format
